[
  { "name": "Almaty", "country": "Kazakhstan", "lat": 43.238949, "lon": 76.889709 },
  { "name": "Astana", "country": "Kazakhstan", "lat": 51.169392, "lon": 71.449074 },
  { "name": "Shymkent", "country": "Kazakhstan", "lat": 42.3417, "lon": 69.5901 },

  { "name": "Bishkek", "country": "Kyrgyzstan", "lat": 42.8746, "lon": 74.5698 },
  { "name": "Osh", "country": "Kyrgyzstan", "lat": 40.5151, "lon": 72.8083 },

  { "name": "Tashkent", "country": "Uzbekistan", "lat": 41.2995, "lon": 69.2401 },
  { "name": "Samarkand", "country": "Uzbekistan", "lat": 39.6542, "lon": 66.9597 },

  { "name": "Moscow", "country": "Russia", "lat": 55.7558, "lon": 37.6176 },
  { "name": "Saint Petersburg", "country": "Russia", "lat": 59.9343, "lon": 30.3351 },
  { "name": "Novosibirsk", "country": "Russia", "lat": 55.0084, "lon": 82.9357 },
  { "name": "Yekaterinburg", "country": "Russia", "lat": 56.8389, "lon": 60.6057 },

  { "name": "Beijing", "country": "China", "lat": 39.9042, "lon": 116.4074 },
  { "name": "Shanghai", "country": "China", "lat": 31.2304, "lon": 121.4737 },
  { "name": "Guangzhou", "country": "China", "lat": 23.1291, "lon": 113.2644 },
  { "name": "Shenzhen", "country": "China", "lat": 22.5431, "lon": 114.0579 },
  { "name": "Chengdu", "country": "China", "lat": 30.5728, "lon": 104.0668 },
  { "name": "Urumqi", "country": "China", "lat": 43.8256, "lon": 87.6168 },

  { "name": "Tokyo", "country": "Japan", "lat": 35.6762, "lon": 139.6503 },
  { "name": "Osaka", "country": "Japan", "lat": 34.6937, "lon": 135.5023 },
  { "name": "Sapporo", "country": "Japan", "lat": 43.0618, "lon": 141.3545 },
  { "name": "Fukuoka", "country": "Japan", "lat": 33.5902, "lon": 130.4017 },

  { "name": "Seoul", "country": "South Korea", "lat": 37.5665, "lon": 126.9780 },
  { "name": "Busan", "country": "South Korea", "lat": 35.1796, "lon": 129.0756 },

  { "name": "Taipei", "country": "Taiwan", "lat": 25.0330, "lon": 121.5654 },

  { "name": "Delhi", "country": "India", "lat": 28.6139, "lon": 77.2090 },
  { "name": "Mumbai", "country": "India", "lat": 19.0760, "lon": 72.8777 },
  { "name": "Kolkata", "country": "India", "lat": 22.5726, "lon": 88.3639 },
  { "name": "Bangalore", "country": "India", "lat": 12.9716, "lon": 77.5946 },

  { "name": "Islamabad", "country": "Pakistan", "lat": 33.6844, "lon": 73.0479 },
  { "name": "Karachi", "country": "Pakistan", "lat": 24.8607, "lon": 67.0011 },

  { "name": "Tehran", "country": "Iran", "lat": 35.6892, "lon": 51.3890 },
  { "name": "Ankara", "country": "Turkey", "lat": 39.9334, "lon": 32.8597 },
  { "name": "Istanbul", "country": "Turkey", "lat": 41.0082, "lon": 28.9784 },

  { "name": "Baghdad", "country": "Iraq", "lat": 33.3152, "lon": 44.3661 },
  { "name": "Damascus", "country": "Syria", "lat": 33.5138, "lon": 36.2765 },
  { "name": "Amman", "country": "Jordan", "lat": 31.9454, "lon": 35.9284 },
  { "name": "Beirut", "country": "Lebanon", "lat": 33.8938, "lon": 35.5018 },
  { "name": "Jerusalem", "country": "Israel", "lat": 31.7683, "lon": 35.2137 },

  { "name": "Cairo", "country": "Egypt", "lat": 30.0444, "lon": 31.2357 },
  { "name": "Riyadh", "country": "Saudi Arabia", "lat": 24.7136, "lon": 46.6753 },
  { "name": "Dubai", "country": "UAE", "lat": 25.2048, "lon": 55.2708 },

  { "name": "Athens", "country": "Greece", "lat": 37.9838, "lon": 23.7275 },
  { "name": "Rome", "country": "Italy", "lat": 41.9028, "lon": 12.4964 },
  { "name": "Milan", "country": "Italy", "lat": 45.4642, "lon": 9.1900 },
  { "name": "Naples", "country": "Italy", "lat": 40.8518, "lon": 14.2681 },

  { "name": "Madrid", "country": "Spain", "lat": 40.4168, "lon": -3.7038 },
  { "name": "Barcelona", "country": "Spain", "lat": 41.3851, "lon": 2.1734 },
  { "name": "Lisbon", "country": "Portugal", "lat": 38.7223, "lon": -9.1393 },

  { "name": "Paris", "country": "France", "lat": 48.8566, "lon": 2.3522 },
  { "name": "Marseille", "country": "France", "lat": 43.2965, "lon": 5.3698 },

  { "name": "Berlin", "country": "Germany", "lat": 52.5200, "lon": 13.4050 },
  { "name": "Hamburg", "country": "Germany", "lat": 53.5511, "lon": 9.9937 },

  { "name": "London", "country": "United Kingdom", "lat": 51.5074, "lon": -0.1278 },
  { "name": "Dublin", "country": "Ireland", "lat": 53.3498, "lon": -6.2603 },

  { "name": "Zurich", "country": "Switzerland", "lat": 47.3769, "lon": 8.5417 },
  { "name": "Vienna", "country": "Austria", "lat": 48.2082, "lon": 16.3738 },

  { "name": "Oslo", "country": "Norway", "lat": 59.9139, "lon": 10.7522 },
  { "name": "Stockholm", "country": "Sweden", "lat": 59.3293, "lon": 18.0686 },
  { "name": "Helsinki", "country": "Finland", "lat": 60.1699, "lon": 24.9384 },
  { "name": "Copenhagen", "country": "Denmark", "lat": 55.6761, "lon": 12.5683 },

  { "name": "Warsaw", "country": "Poland", "lat": 52.2297, "lon": 21.0122 },
  { "name": "Prague", "country": "Czech Republic", "lat": 50.0755, "lon": 14.4378 },
  { "name": "Budapest", "country": "Hungary", "lat": 47.4979, "lon": 19.0402 },

  { "name": "New York", "country": "USA", "lat": 40.7128, "lon": -74.0060 },
  { "name": "Los Angeles", "country": "USA", "lat": 34.0522, "lon": -118.2437 },
  { "name": "San Francisco", "country": "USA", "lat": 37.7749, "lon": -122.4194 },
  { "name": "Seattle", "country": "USA", "lat": 47.6062, "lon": -122.3321 },
  { "name": "Chicago", "country": "USA", "lat": 41.8781, "lon": -87.6298 },

  { "name": "Mexico City", "country": "Mexico", "lat": 19.4326, "lon": -99.1332 },
  { "name": "Bogota", "country": "Colombia", "lat": 4.7110, "lon": -74.0721 },
  { "name": "Santiago", "country": "Chile", "lat": -33.4489, "lon": -70.6693 },
  { "name": "Lima", "country": "Peru", "lat": -12.0464, "lon": -77.0428 },
  { "name": "Buenos Aires", "country": "Argentina", "lat": -34.6037, "lon": -58.3816 },
  { "name": "Sao Paulo", "country": "Brazil", "lat": -23.5505, "lon": -46.6333 },
  { "name": "Rio de Janeiro", "country": "Brazil", "lat": -22.9068, "lon": -43.1729 },

  { "name": "Sydney", "country": "Australia", "lat": -33.8688, "lon": 151.2093 },
  { "name": "Melbourne", "country": "Australia", "lat": -37.8136, "lon": 144.9631 },
  { "name": "Wellington", "country": "New Zealand", "lat": -41.2865, "lon": 174.7762 }
]
